,antecedents,consequents,antecedent support,consequent support,support,confidence,lift,leverage,conviction
0,frozenset({'loan_no'}),frozenset({'default_no'}),0.8687845303867403,0.9830801104972375,0.8570441988950276,0.9864864864864865,1.0034650034650034,0.0029594067641403043,1.2520718232044248
1,frozenset({'default_no'}),frozenset({'loan_no'}),0.9830801104972375,0.8687845303867403,0.8570441988950276,0.8717948717948718,1.0034650034650034,0.0029594067641403043,1.0234806629834257
2,frozenset({'previous_0'}),frozenset({'pdays_-1'}),0.8477209944751382,0.8477209944751382,0.8477209944751382,1.0,1.1796334012219958,0.12909011000122095,inf
3,frozenset({'pdays_-1'}),frozenset({'previous_0'}),0.8477209944751382,0.8477209944751382,0.8477209944751382,1.0,1.1796334012219958,0.12909011000122095,inf
4,frozenset({'previous_0'}),frozenset({'poutcome_unknown'}),0.8477209944751382,0.8477209944751382,0.8477209944751382,1.0,1.1796334012219958,0.12909011000122095,inf
5,frozenset({'poutcome_unknown'}),frozenset({'previous_0'}),0.8477209944751382,0.8477209944751382,0.8477209944751382,1.0,1.1796334012219958,0.12909011000122095,inf
6,frozenset({'pdays_-1'}),frozenset({'poutcome_unknown'}),0.8477209944751382,0.8477209944751382,0.8477209944751382,1.0,1.1796334012219958,0.12909011000122095,inf
7,frozenset({'poutcome_unknown'}),frozenset({'pdays_-1'}),0.8477209944751382,0.8477209944751382,0.8477209944751382,1.0,1.1796334012219958,0.12909011000122095,inf
8,"frozenset({'previous_0', 'pdays_-1'})",frozenset({'poutcome_unknown'}),0.8477209944751382,0.8477209944751382,0.8477209944751382,1.0,1.1796334012219958,0.12909011000122095,inf
9,"frozenset({'previous_0', 'poutcome_unknown'})",frozenset({'pdays_-1'}),0.8477209944751382,0.8477209944751382,0.8477209944751382,1.0,1.1796334012219958,0.12909011000122095,inf
10,"frozenset({'pdays_-1', 'poutcome_unknown'})",frozenset({'previous_0'}),0.8477209944751382,0.8477209944751382,0.8477209944751382,1.0,1.1796334012219958,0.12909011000122095,inf
11,frozenset({'previous_0'}),"frozenset({'pdays_-1', 'poutcome_unknown'})",0.8477209944751382,0.8477209944751382,0.8477209944751382,1.0,1.1796334012219958,0.12909011000122095,inf
12,frozenset({'pdays_-1'}),"frozenset({'previous_0', 'poutcome_unknown'})",0.8477209944751382,0.8477209944751382,0.8477209944751382,1.0,1.1796334012219958,0.12909011000122095,inf
13,frozenset({'poutcome_unknown'}),"frozenset({'previous_0', 'pdays_-1'})",0.8477209944751382,0.8477209944751382,0.8477209944751382,1.0,1.1796334012219958,0.12909011000122095,inf
14,"frozenset({'pdays_-1', 'default_no'})",frozenset({'poutcome_unknown'}),0.8321823204419889,0.8477209944751382,0.8321823204419889,1.0,1.1796334012219958,0.12672389617227797,inf
15,"frozenset({'pdays_-1', 'poutcome_unknown'})",frozenset({'default_no'}),0.8477209944751382,0.9830801104972375,0.8321823204419889,0.9816700610997963,0.9985656821022164,-0.0011953284774579576,0.9230739717618154
16,"frozenset({'default_no', 'poutcome_unknown'})",frozenset({'pdays_-1'}),0.8321823204419889,0.8477209944751382,0.8321823204419889,1.0,1.1796334012219958,0.12672389617227797,inf
17,frozenset({'pdays_-1'}),"frozenset({'default_no', 'poutcome_unknown'})",0.8477209944751382,0.8321823204419889,0.8321823204419889,0.9816700610997963,1.1796334012219958,0.12672389617227797,9.155386740331458
18,frozenset({'default_no'}),"frozenset({'pdays_-1', 'poutcome_unknown'})",0.9830801104972375,0.8477209944751382,0.8321823204419889,0.8465050930804355,0.9985656821022164,-0.0011953284774579576,0.9920785554445803
19,frozenset({'poutcome_unknown'}),"frozenset({'pdays_-1', 'default_no'})",0.8477209944751382,0.8321823204419889,0.8321823204419889,0.9816700610997963,1.1796334012219958,0.12672389617227797,9.155386740331458
20,"frozenset({'previous_0', 'default_no', 'pdays_-1'})",frozenset({'poutcome_unknown'}),0.8321823204419889,0.8477209944751382,0.8321823204419889,1.0,1.1796334012219958,0.12672389617227797,inf
21,"frozenset({'previous_0', 'default_no', 'poutcome_unknown'})",frozenset({'pdays_-1'}),0.8321823204419889,0.8477209944751382,0.8321823204419889,1.0,1.1796334012219958,0.12672389617227797,inf
22,"frozenset({'previous_0', 'pdays_-1', 'poutcome_unknown'})",frozenset({'default_no'}),0.8477209944751382,0.9830801104972375,0.8321823204419889,0.9816700610997963,0.9985656821022164,-0.0011953284774579576,0.9230739717618154
23,"frozenset({'pdays_-1', 'default_no', 'poutcome_unknown'})",frozenset({'previous_0'}),0.8321823204419889,0.8477209944751382,0.8321823204419889,1.0,1.1796334012219958,0.12672389617227797,inf
24,"frozenset({'previous_0', 'default_no'})","frozenset({'pdays_-1', 'poutcome_unknown'})",0.8321823204419889,0.8477209944751382,0.8321823204419889,1.0,1.1796334012219958,0.12672389617227797,inf
25,"frozenset({'previous_0', 'pdays_-1'})","frozenset({'default_no', 'poutcome_unknown'})",0.8477209944751382,0.8321823204419889,0.8321823204419889,0.9816700610997963,1.1796334012219958,0.12672389617227797,9.155386740331458
26,"frozenset({'previous_0', 'poutcome_unknown'})","frozenset({'pdays_-1', 'default_no'})",0.8477209944751382,0.8321823204419889,0.8321823204419889,0.9816700610997963,1.1796334012219958,0.12672389617227797,9.155386740331458
27,"frozenset({'pdays_-1', 'default_no'})","frozenset({'previous_0', 'poutcome_unknown'})",0.8321823204419889,0.8477209944751382,0.8321823204419889,1.0,1.1796334012219958,0.12672389617227797,inf
28,"frozenset({'default_no', 'poutcome_unknown'})","frozenset({'previous_0', 'pdays_-1'})",0.8321823204419889,0.8477209944751382,0.8321823204419889,1.0,1.1796334012219958,0.12672389617227797,inf
29,"frozenset({'pdays_-1', 'poutcome_unknown'})","frozenset({'previous_0', 'default_no'})",0.8477209944751382,0.8321823204419889,0.8321823204419889,0.9816700610997963,1.1796334012219958,0.12672389617227797,9.155386740331458
30,frozenset({'previous_0'}),"frozenset({'pdays_-1', 'default_no', 'poutcome_unknown'})",0.8477209944751382,0.8321823204419889,0.8321823204419889,0.9816700610997963,1.1796334012219958,0.12672389617227797,9.155386740331458
31,frozenset({'default_no'}),"frozenset({'previous_0', 'pdays_-1', 'poutcome_unknown'})",0.9830801104972375,0.8477209944751382,0.8321823204419889,0.8465050930804355,0.9985656821022164,-0.0011953284774579576,0.9920785554445803
32,frozenset({'pdays_-1'}),"frozenset({'previous_0', 'default_no', 'poutcome_unknown'})",0.8477209944751382,0.8321823204419889,0.8321823204419889,0.9816700610997963,1.1796334012219958,0.12672389617227797,9.155386740331458
33,frozenset({'poutcome_unknown'}),"frozenset({'previous_0', 'default_no', 'pdays_-1'})",0.8477209944751382,0.8321823204419889,0.8321823204419889,0.9816700610997963,1.1796334012219958,0.12672389617227797,9.155386740331458
34,"frozenset({'previous_0', 'default_no'})",frozenset({'poutcome_unknown'}),0.8321823204419889,0.8477209944751382,0.8321823204419889,1.0,1.1796334012219958,0.12672389617227797,inf
35,"frozenset({'previous_0', 'poutcome_unknown'})",frozenset({'default_no'}),0.8477209944751382,0.9830801104972375,0.8321823204419889,0.9816700610997963,0.9985656821022164,-0.0011953284774579576,0.9230739717618154
36,"frozenset({'default_no', 'poutcome_unknown'})",frozenset({'previous_0'}),0.8321823204419889,0.8477209944751382,0.8321823204419889,1.0,1.1796334012219958,0.12672389617227797,inf
37,frozenset({'previous_0'}),"frozenset({'default_no', 'poutcome_unknown'})",0.8477209944751382,0.8321823204419889,0.8321823204419889,0.9816700610997963,1.1796334012219958,0.12672389617227797,9.155386740331458
38,frozenset({'default_no'}),"frozenset({'previous_0', 'poutcome_unknown'})",0.9830801104972375,0.8477209944751382,0.8321823204419889,0.8465050930804355,0.9985656821022164,-0.0011953284774579576,0.9920785554445803
39,frozenset({'poutcome_unknown'}),"frozenset({'previous_0', 'default_no'})",0.8477209944751382,0.8321823204419889,0.8321823204419889,0.9816700610997963,1.1796334012219958,0.12672389617227797,9.155386740331458
40,frozenset({'pdays_-1'}),frozenset({'default_no'}),0.8477209944751382,0.9830801104972375,0.8321823204419889,0.9816700610997963,0.9985656821022164,-0.0011953284774579576,0.9230739717618154
41,frozenset({'default_no'}),frozenset({'pdays_-1'}),0.9830801104972375,0.8477209944751382,0.8321823204419889,0.8465050930804355,0.9985656821022164,-0.0011953284774579576,0.9920785554445803
42,frozenset({'default_no'}),frozenset({'poutcome_unknown'}),0.9830801104972375,0.8477209944751382,0.8321823204419889,0.8465050930804355,0.9985656821022164,-0.0011953284774579576,0.9920785554445803
43,frozenset({'poutcome_unknown'}),frozenset({'default_no'}),0.8477209944751382,0.9830801104972375,0.8321823204419889,0.9816700610997963,0.9985656821022164,-0.0011953284774579576,0.9230739717618154
44,"frozenset({'previous_0', 'default_no'})",frozenset({'pdays_-1'}),0.8321823204419889,0.8477209944751382,0.8321823204419889,1.0,1.1796334012219958,0.12672389617227797,inf
45,"frozenset({'previous_0', 'pdays_-1'})",frozenset({'default_no'}),0.8477209944751382,0.9830801104972375,0.8321823204419889,0.9816700610997963,0.9985656821022164,-0.0011953284774579576,0.9230739717618154
46,"frozenset({'pdays_-1', 'default_no'})",frozenset({'previous_0'}),0.8321823204419889,0.8477209944751382,0.8321823204419889,1.0,1.1796334012219958,0.12672389617227797,inf
47,frozenset({'previous_0'}),"frozenset({'pdays_-1', 'default_no'})",0.8477209944751382,0.8321823204419889,0.8321823204419889,0.9816700610997963,1.1796334012219958,0.12672389617227797,9.155386740331458
48,frozenset({'default_no'}),"frozenset({'previous_0', 'pdays_-1'})",0.9830801104972375,0.8477209944751382,0.8321823204419889,0.8465050930804355,0.9985656821022164,-0.0011953284774579576,0.9920785554445803
49,frozenset({'pdays_-1'}),"frozenset({'previous_0', 'default_no'})",0.8477209944751382,0.8321823204419889,0.8321823204419889,0.9816700610997963,1.1796334012219958,0.12672389617227797,9.155386740331458
50,frozenset({'previous_0'}),frozenset({'default_no'}),0.8477209944751382,0.9830801104972375,0.8321823204419889,0.9816700610997963,0.9985656821022164,-0.0011953284774579576,0.9230739717618154
51,frozenset({'default_no'}),frozenset({'previous_0'}),0.9830801104972375,0.8477209944751382,0.8321823204419889,0.8465050930804355,0.9985656821022164,-0.0011953284774579576,0.9920785554445803
52,frozenset({'contact_cellular'}),frozenset({'default_no'}),0.7710635359116023,0.9830801104972375,0.7589779005524862,0.9843260188087773,1.0012673517633366,0.0009606744681175394,1.0794889502762395
53,"frozenset({'loan_no', 'previous_0', 'pdays_-1'})",frozenset({'poutcome_unknown'}),0.7361878453038674,0.8477209944751382,0.7361878453038674,1.0,1.1796334012219958,0.11210595296236381,inf
54,"frozenset({'loan_no', 'previous_0', 'poutcome_unknown'})",frozenset({'pdays_-1'}),0.7361878453038674,0.8477209944751382,0.7361878453038674,1.0,1.1796334012219958,0.11210595296236381,inf
55,"frozenset({'loan_no', 'pdays_-1', 'poutcome_unknown'})",frozenset({'previous_0'}),0.7361878453038674,0.8477209944751382,0.7361878453038674,1.0,1.1796334012219958,0.11210595296236381,inf
56,"frozenset({'previous_0', 'pdays_-1', 'poutcome_unknown'})",frozenset({'loan_no'}),0.8477209944751382,0.8687845303867403,0.7361878453038674,0.8684317718940936,0.999593963197653,-0.0002990407801960471,0.9973188170295738
57,"frozenset({'loan_no', 'previous_0'})","frozenset({'pdays_-1', 'poutcome_unknown'})",0.7361878453038674,0.8477209944751382,0.7361878453038674,1.0,1.1796334012219958,0.11210595296236381,inf
58,"frozenset({'loan_no', 'pdays_-1'})","frozenset({'previous_0', 'poutcome_unknown'})",0.7361878453038674,0.8477209944751382,0.7361878453038674,1.0,1.1796334012219958,0.11210595296236381,inf
59,"frozenset({'loan_no', 'poutcome_unknown'})","frozenset({'previous_0', 'pdays_-1'})",0.7361878453038674,0.8477209944751382,0.7361878453038674,1.0,1.1796334012219958,0.11210595296236381,inf
60,"frozenset({'previous_0', 'pdays_-1'})","frozenset({'loan_no', 'poutcome_unknown'})",0.8477209944751382,0.7361878453038674,0.7361878453038674,0.8684317718940936,1.1796334012219958,0.11210595296236381,2.0051357268699848
61,"frozenset({'previous_0', 'poutcome_unknown'})","frozenset({'loan_no', 'pdays_-1'})",0.8477209944751382,0.7361878453038674,0.7361878453038674,0.8684317718940936,1.1796334012219958,0.11210595296236381,2.0051357268699848
62,"frozenset({'pdays_-1', 'poutcome_unknown'})","frozenset({'loan_no', 'previous_0'})",0.8477209944751382,0.7361878453038674,0.7361878453038674,0.8684317718940936,1.1796334012219958,0.11210595296236381,2.0051357268699848
63,frozenset({'loan_no'}),"frozenset({'previous_0', 'pdays_-1', 'poutcome_unknown'})",0.8687845303867403,0.8477209944751382,0.7361878453038674,0.8473767885532592,0.9995939631976531,-0.0002990407801960471,0.9977447341160219
64,frozenset({'previous_0'}),"frozenset({'loan_no', 'pdays_-1', 'poutcome_unknown'})",0.8477209944751382,0.7361878453038674,0.7361878453038674,0.8684317718940936,1.1796334012219958,0.11210595296236381,2.0051357268699848
65,frozenset({'pdays_-1'}),"frozenset({'loan_no', 'previous_0', 'poutcome_unknown'})",0.8477209944751382,0.7361878453038674,0.7361878453038674,0.8684317718940936,1.1796334012219958,0.11210595296236381,2.0051357268699848
66,frozenset({'poutcome_unknown'}),"frozenset({'loan_no', 'previous_0', 'pdays_-1'})",0.8477209944751382,0.7361878453038674,0.7361878453038674,0.8684317718940936,1.1796334012219958,0.11210595296236381,2.0051357268699848
67,"frozenset({'loan_no', 'previous_0'})",frozenset({'pdays_-1'}),0.7361878453038674,0.8477209944751382,0.7361878453038674,1.0,1.1796334012219958,0.11210595296236381,inf
68,"frozenset({'loan_no', 'pdays_-1'})",frozenset({'previous_0'}),0.7361878453038674,0.8477209944751382,0.7361878453038674,1.0,1.1796334012219958,0.11210595296236381,inf
69,"frozenset({'previous_0', 'pdays_-1'})",frozenset({'loan_no'}),0.8477209944751382,0.8687845303867403,0.7361878453038674,0.8684317718940936,0.999593963197653,-0.0002990407801960471,0.9973188170295738
70,frozenset({'loan_no'}),"frozenset({'previous_0', 'pdays_-1'})",0.8687845303867403,0.8477209944751382,0.7361878453038674,0.8473767885532592,0.9995939631976531,-0.0002990407801960471,0.9977447341160219
71,frozenset({'previous_0'}),"frozenset({'loan_no', 'pdays_-1'})",0.8477209944751382,0.7361878453038674,0.7361878453038674,0.8684317718940936,1.1796334012219958,0.11210595296236381,2.0051357268699848
72,frozenset({'pdays_-1'}),"frozenset({'loan_no', 'previous_0'})",0.8477209944751382,0.7361878453038674,0.7361878453038674,0.8684317718940936,1.1796334012219958,0.11210595296236381,2.0051357268699848
73,"frozenset({'loan_no', 'previous_0'})",frozenset({'poutcome_unknown'}),0.7361878453038674,0.8477209944751382,0.7361878453038674,1.0,1.1796334012219958,0.11210595296236381,inf
74,"frozenset({'loan_no', 'poutcome_unknown'})",frozenset({'previous_0'}),0.7361878453038674,0.8477209944751382,0.7361878453038674,1.0,1.1796334012219958,0.11210595296236381,inf
75,"frozenset({'previous_0', 'poutcome_unknown'})",frozenset({'loan_no'}),0.8477209944751382,0.8687845303867403,0.7361878453038674,0.8684317718940936,0.999593963197653,-0.0002990407801960471,0.9973188170295738
76,frozenset({'loan_no'}),"frozenset({'previous_0', 'poutcome_unknown'})",0.8687845303867403,0.8477209944751382,0.7361878453038674,0.8473767885532592,0.9995939631976531,-0.0002990407801960471,0.9977447341160219
77,frozenset({'previous_0'}),"frozenset({'loan_no', 'poutcome_unknown'})",0.8477209944751382,0.7361878453038674,0.7361878453038674,0.8684317718940936,1.1796334012219958,0.11210595296236381,2.0051357268699848
78,frozenset({'poutcome_unknown'}),"frozenset({'loan_no', 'previous_0'})",0.8477209944751382,0.7361878453038674,0.7361878453038674,0.8684317718940936,1.1796334012219958,0.11210595296236381,2.0051357268699848
79,frozenset({'loan_no'}),frozenset({'poutcome_unknown'}),0.8687845303867403,0.8477209944751382,0.7361878453038674,0.8473767885532592,0.9995939631976531,-0.0002990407801960471,0.9977447341160219
80,frozenset({'poutcome_unknown'}),frozenset({'loan_no'}),0.8477209944751382,0.8687845303867403,0.7361878453038674,0.8684317718940936,0.999593963197653,-0.0002990407801960471,0.9973188170295738
81,frozenset({'loan_no'}),frozenset({'pdays_-1'}),0.8687845303867403,0.8477209944751382,0.7361878453038674,0.8473767885532592,0.9995939631976531,-0.0002990407801960471,0.9977447341160219
82,frozenset({'pdays_-1'}),frozenset({'loan_no'}),0.8477209944751382,0.8687845303867403,0.7361878453038674,0.8684317718940936,0.999593963197653,-0.0002990407801960471,0.9973188170295738
83,frozenset({'loan_no'}),frozenset({'previous_0'}),0.8687845303867403,0.8477209944751382,0.7361878453038674,0.8473767885532592,0.9995939631976531,-0.0002990407801960471,0.9977447341160219
84,frozenset({'previous_0'}),frozenset({'loan_no'}),0.8477209944751382,0.8687845303867403,0.7361878453038674,0.8684317718940936,0.999593963197653,-0.0002990407801960471,0.9973188170295738
85,"frozenset({'loan_no', 'pdays_-1'})",frozenset({'poutcome_unknown'}),0.7361878453038674,0.8477209944751382,0.7361878453038674,1.0,1.1796334012219958,0.11210595296236381,inf
86,"frozenset({'loan_no', 'poutcome_unknown'})",frozenset({'pdays_-1'}),0.7361878453038674,0.8477209944751382,0.7361878453038674,1.0,1.1796334012219958,0.11210595296236381,inf
87,"frozenset({'pdays_-1', 'poutcome_unknown'})",frozenset({'loan_no'}),0.8477209944751382,0.8687845303867403,0.7361878453038674,0.8684317718940936,0.999593963197653,-0.0002990407801960471,0.9973188170295738
88,frozenset({'loan_no'}),"frozenset({'pdays_-1', 'poutcome_unknown'})",0.8687845303867403,0.8477209944751382,0.7361878453038674,0.8473767885532592,0.9995939631976531,-0.0002990407801960471,0.9977447341160219
89,frozenset({'pdays_-1'}),"frozenset({'loan_no', 'poutcome_unknown'})",0.8477209944751382,0.7361878453038674,0.7361878453038674,0.8684317718940936,1.1796334012219958,0.11210595296236381,2.0051357268699848
90,frozenset({'poutcome_unknown'}),"frozenset({'loan_no', 'pdays_-1'})",0.8477209944751382,0.7361878453038674,0.7361878453038674,0.8684317718940936,1.1796334012219958,0.11210595296236381,2.0051357268699848
91,"frozenset({'loan_no', 'default_no'})",frozenset({'poutcome_unknown'}),0.8570441988950276,0.8477209944751382,0.7251381215469613,0.8460918614020951,0.998078220212003,-0.0013962390494796084,0.9894148997714849
92,"frozenset({'loan_no', 'poutcome_unknown'})",frozenset({'default_no'}),0.7361878453038674,0.9830801104972375,0.7251381215469613,0.9849906191369606,1.0019433905938315,0.0014064932389121765,1.1272876381215506
93,"frozenset({'default_no', 'poutcome_unknown'})",frozenset({'loan_no'}),0.8321823204419889,0.8687845303867403,0.7251381215469613,0.8713692946058091,1.002975149911933,0.002150995085620111,1.0200944573159867
94,frozenset({'loan_no'}),"frozenset({'default_no', 'poutcome_unknown'})",0.8687845303867403,0.8321823204419889,0.7251381215469613,0.834658187599364,1.002975149911933,0.002150995085620111,1.0149742350191246
95,frozenset({'poutcome_unknown'}),"frozenset({'loan_no', 'default_no'})",0.8477209944751382,0.8570441988950276,0.7251381215469613,0.855397148676171,0.998078220212003,-0.0013962390494796084,0.9886098358104425
96,"frozenset({'loan_no', 'pdays_-1'})",frozenset({'default_no'}),0.7361878453038674,0.9830801104972375,0.7251381215469613,0.9849906191369606,1.0019433905938315,0.0014064932389121765,1.1272876381215506
97,"frozenset({'loan_no', 'default_no'})",frozenset({'pdays_-1'}),0.8570441988950276,0.8477209944751382,0.7251381215469613,0.8460918614020951,0.998078220212003,-0.0013962390494796084,0.9894148997714849
98,"frozenset({'pdays_-1', 'default_no'})",frozenset({'loan_no'}),0.8321823204419889,0.8687845303867403,0.7251381215469613,0.8713692946058091,1.002975149911933,0.002150995085620111,1.0200944573159867
99,frozenset({'loan_no'}),"frozenset({'pdays_-1', 'default_no'})",0.8687845303867403,0.8321823204419889,0.7251381215469613,0.834658187599364,1.002975149911933,0.002150995085620111,1.0149742350191246
100,frozenset({'pdays_-1'}),"frozenset({'loan_no', 'default_no'})",0.8477209944751382,0.8570441988950276,0.7251381215469613,0.855397148676171,0.998078220212003,-0.0013962390494796084,0.9886098358104425
101,"frozenset({'loan_no', 'pdays_-1', 'default_no'})",frozenset({'poutcome_unknown'}),0.7251381215469613,0.8477209944751382,0.7251381215469613,1.0,1.1796334012219958,0.11042331201733768,inf
102,"frozenset({'loan_no', 'pdays_-1', 'poutcome_unknown'})",frozenset({'default_no'}),0.7361878453038674,0.9830801104972375,0.7251381215469613,0.9849906191369606,1.0019433905938315,0.0014064932389121765,1.1272876381215506
103,"frozenset({'loan_no', 'default_no', 'poutcome_unknown'})",frozenset({'pdays_-1'}),0.7251381215469613,0.8477209944751382,0.7251381215469613,1.0,1.1796334012219958,0.11042331201733768,inf
104,"frozenset({'pdays_-1', 'default_no', 'poutcome_unknown'})",frozenset({'loan_no'}),0.8321823204419889,0.8687845303867403,0.7251381215469613,0.8713692946058091,1.002975149911933,0.002150995085620111,1.0200944573159867
105,"frozenset({'loan_no', 'pdays_-1'})","frozenset({'default_no', 'poutcome_unknown'})",0.7361878453038674,0.8321823204419889,0.7251381215469613,0.9849906191369606,1.1836235821662398,0.11249561216080095,11.180852900552503
106,"frozenset({'loan_no', 'default_no'})","frozenset({'pdays_-1', 'poutcome_unknown'})",0.8570441988950276,0.8477209944751382,0.7251381215469613,0.8460918614020951,0.998078220212003,-0.0013962390494796084,0.9894148997714849
107,"frozenset({'loan_no', 'poutcome_unknown'})","frozenset({'pdays_-1', 'default_no'})",0.7361878453038674,0.8321823204419889,0.7251381215469613,0.9849906191369606,1.1836235821662398,0.11249561216080095,11.180852900552503
108,"frozenset({'pdays_-1', 'default_no'})","frozenset({'loan_no', 'poutcome_unknown'})",0.8321823204419889,0.7361878453038674,0.7251381215469613,0.8713692946058091,1.1836235821662398,0.11249561216080095,2.050926751024773
109,"frozenset({'pdays_-1', 'poutcome_unknown'})","frozenset({'loan_no', 'default_no'})",0.8477209944751382,0.8570441988950276,0.7251381215469613,0.855397148676171,0.998078220212003,-0.0013962390494796084,0.9886098358104425
110,"frozenset({'default_no', 'poutcome_unknown'})","frozenset({'loan_no', 'pdays_-1'})",0.8321823204419889,0.7361878453038674,0.7251381215469613,0.8713692946058091,1.1836235821662398,0.11249561216080095,2.050926751024773
111,frozenset({'loan_no'}),"frozenset({'pdays_-1', 'default_no', 'poutcome_unknown'})",0.8687845303867403,0.8321823204419889,0.7251381215469613,0.834658187599364,1.002975149911933,0.002150995085620111,1.0149742350191246
112,frozenset({'pdays_-1'}),"frozenset({'loan_no', 'default_no', 'poutcome_unknown'})",0.8477209944751382,0.7251381215469613,0.7251381215469613,0.855397148676171,1.1796334012219958,0.11042331201733768,1.9008053847949566
113,frozenset({'poutcome_unknown'}),"frozenset({'loan_no', 'pdays_-1', 'default_no'})",0.8477209944751382,0.7251381215469613,0.7251381215469613,0.855397148676171,1.1796334012219958,0.11042331201733768,1.9008053847949566
114,"frozenset({'loan_no', 'previous_0'})",frozenset({'default_no'}),0.7361878453038674,0.9830801104972375,0.7251381215469613,0.9849906191369606,1.0019433905938315,0.0014064932389121765,1.1272876381215506
115,"frozenset({'loan_no', 'default_no'})",frozenset({'previous_0'}),0.8570441988950276,0.8477209944751382,0.7251381215469613,0.8460918614020951,0.998078220212003,-0.0013962390494796084,0.9894148997714849
116,"frozenset({'previous_0', 'default_no'})",frozenset({'loan_no'}),0.8321823204419889,0.8687845303867403,0.7251381215469613,0.8713692946058091,1.002975149911933,0.002150995085620111,1.0200944573159867
117,frozenset({'loan_no'}),"frozenset({'previous_0', 'default_no'})",0.8687845303867403,0.8321823204419889,0.7251381215469613,0.834658187599364,1.002975149911933,0.002150995085620111,1.0149742350191246
118,frozenset({'previous_0'}),"frozenset({'loan_no', 'default_no'})",0.8477209944751382,0.8570441988950276,0.7251381215469613,0.855397148676171,0.998078220212003,-0.0013962390494796084,0.9886098358104425
119,"frozenset({'loan_no', 'previous_0', 'default_no'})",frozenset({'poutcome_unknown'}),0.7251381215469613,0.8477209944751382,0.7251381215469613,1.0,1.1796334012219958,0.11042331201733768,inf
120,"frozenset({'loan_no', 'previous_0', 'poutcome_unknown'})",frozenset({'default_no'}),0.7361878453038674,0.9830801104972375,0.7251381215469613,0.9849906191369606,1.0019433905938315,0.0014064932389121765,1.1272876381215506
121,"frozenset({'loan_no', 'default_no', 'poutcome_unknown'})",frozenset({'previous_0'}),0.7251381215469613,0.8477209944751382,0.7251381215469613,1.0,1.1796334012219958,0.11042331201733768,inf
122,"frozenset({'previous_0', 'default_no', 'poutcome_unknown'})",frozenset({'loan_no'}),0.8321823204419889,0.8687845303867403,0.7251381215469613,0.8713692946058091,1.002975149911933,0.002150995085620111,1.0200944573159867
123,"frozenset({'loan_no', 'previous_0'})","frozenset({'default_no', 'poutcome_unknown'})",0.7361878453038674,0.8321823204419889,0.7251381215469613,0.9849906191369606,1.1836235821662398,0.11249561216080095,11.180852900552503
124,"frozenset({'loan_no', 'default_no'})","frozenset({'previous_0', 'poutcome_unknown'})",0.8570441988950276,0.8477209944751382,0.7251381215469613,0.8460918614020951,0.998078220212003,-0.0013962390494796084,0.9894148997714849
125,"frozenset({'loan_no', 'poutcome_unknown'})","frozenset({'previous_0', 'default_no'})",0.7361878453038674,0.8321823204419889,0.7251381215469613,0.9849906191369606,1.1836235821662398,0.11249561216080095,11.180852900552503
126,"frozenset({'previous_0', 'default_no'})","frozenset({'loan_no', 'poutcome_unknown'})",0.8321823204419889,0.7361878453038674,0.7251381215469613,0.8713692946058091,1.1836235821662398,0.11249561216080095,2.050926751024773
127,"frozenset({'previous_0', 'poutcome_unknown'})","frozenset({'loan_no', 'default_no'})",0.8477209944751382,0.8570441988950276,0.7251381215469613,0.855397148676171,0.998078220212003,-0.0013962390494796084,0.9886098358104425
128,"frozenset({'default_no', 'poutcome_unknown'})","frozenset({'loan_no', 'previous_0'})",0.8321823204419889,0.7361878453038674,0.7251381215469613,0.8713692946058091,1.1836235821662398,0.11249561216080095,2.050926751024773
129,frozenset({'loan_no'}),"frozenset({'previous_0', 'default_no', 'poutcome_unknown'})",0.8687845303867403,0.8321823204419889,0.7251381215469613,0.834658187599364,1.002975149911933,0.002150995085620111,1.0149742350191246
130,frozenset({'previous_0'}),"frozenset({'loan_no', 'default_no', 'poutcome_unknown'})",0.8477209944751382,0.7251381215469613,0.7251381215469613,0.855397148676171,1.1796334012219958,0.11042331201733768,1.9008053847949566
131,frozenset({'poutcome_unknown'}),"frozenset({'loan_no', 'previous_0', 'default_no'})",0.8477209944751382,0.7251381215469613,0.7251381215469613,0.855397148676171,1.1796334012219958,0.11042331201733768,1.9008053847949566
132,"frozenset({'loan_no', 'previous_0', 'default_no'})",frozenset({'pdays_-1'}),0.7251381215469613,0.8477209944751382,0.7251381215469613,1.0,1.1796334012219958,0.11042331201733768,inf
133,"frozenset({'loan_no', 'previous_0', 'pdays_-1'})",frozenset({'default_no'}),0.7361878453038674,0.9830801104972375,0.7251381215469613,0.9849906191369606,1.0019433905938315,0.0014064932389121765,1.1272876381215506
134,"frozenset({'loan_no', 'pdays_-1', 'default_no'})",frozenset({'previous_0'}),0.7251381215469613,0.8477209944751382,0.7251381215469613,1.0,1.1796334012219958,0.11042331201733768,inf
135,"frozenset({'previous_0', 'default_no', 'pdays_-1'})",frozenset({'loan_no'}),0.8321823204419889,0.8687845303867403,0.7251381215469613,0.8713692946058091,1.002975149911933,0.002150995085620111,1.0200944573159867
136,"frozenset({'loan_no', 'previous_0'})","frozenset({'pdays_-1', 'default_no'})",0.7361878453038674,0.8321823204419889,0.7251381215469613,0.9849906191369606,1.1836235821662398,0.11249561216080095,11.180852900552503
137,"frozenset({'loan_no', 'default_no'})","frozenset({'previous_0', 'pdays_-1'})",0.8570441988950276,0.8477209944751382,0.7251381215469613,0.8460918614020951,0.998078220212003,-0.0013962390494796084,0.9894148997714849
138,"frozenset({'loan_no', 'pdays_-1'})","frozenset({'previous_0', 'default_no'})",0.7361878453038674,0.8321823204419889,0.7251381215469613,0.9849906191369606,1.1836235821662398,0.11249561216080095,11.180852900552503
139,"frozenset({'previous_0', 'default_no'})","frozenset({'loan_no', 'pdays_-1'})",0.8321823204419889,0.7361878453038674,0.7251381215469613,0.8713692946058091,1.1836235821662398,0.11249561216080095,2.050926751024773
140,"frozenset({'previous_0', 'pdays_-1'})","frozenset({'loan_no', 'default_no'})",0.8477209944751382,0.8570441988950276,0.7251381215469613,0.855397148676171,0.998078220212003,-0.0013962390494796084,0.9886098358104425
141,"frozenset({'pdays_-1', 'default_no'})","frozenset({'loan_no', 'previous_0'})",0.8321823204419889,0.7361878453038674,0.7251381215469613,0.8713692946058091,1.1836235821662398,0.11249561216080095,2.050926751024773
142,frozenset({'loan_no'}),"frozenset({'previous_0', 'default_no', 'pdays_-1'})",0.8687845303867403,0.8321823204419889,0.7251381215469613,0.834658187599364,1.002975149911933,0.002150995085620111,1.0149742350191246
143,frozenset({'previous_0'}),"frozenset({'loan_no', 'pdays_-1', 'default_no'})",0.8477209944751382,0.7251381215469613,0.7251381215469613,0.855397148676171,1.1796334012219958,0.11042331201733768,1.9008053847949566
144,frozenset({'pdays_-1'}),"frozenset({'loan_no', 'previous_0', 'default_no'})",0.8477209944751382,0.7251381215469613,0.7251381215469613,0.855397148676171,1.1796334012219958,0.11042331201733768,1.9008053847949566
145,"frozenset({'loan_no', 'pdays_-1', 'previous_0', 'poutcome_unknown'})",frozenset({'default_no'}),0.7361878453038674,0.9830801104972375,0.7251381215469613,0.9849906191369606,1.0019433905938315,0.0014064932389121765,1.1272876381215506
146,"frozenset({'loan_no', 'pdays_-1', 'default_no', 'poutcome_unknown'})",frozenset({'previous_0'}),0.7251381215469613,0.8477209944751382,0.7251381215469613,1.0,1.1796334012219958,0.11042331201733768,inf
147,"frozenset({'pdays_-1', 'default_no', 'previous_0', 'poutcome_unknown'})",frozenset({'loan_no'}),0.8321823204419889,0.8687845303867403,0.7251381215469613,0.8713692946058091,1.002975149911933,0.002150995085620111,1.0200944573159867
148,"frozenset({'loan_no', 'pdays_-1', 'default_no', 'previous_0'})",frozenset({'poutcome_unknown'}),0.7251381215469613,0.8477209944751382,0.7251381215469613,1.0,1.1796334012219958,0.11042331201733768,inf
149,"frozenset({'loan_no', 'previous_0', 'default_no', 'poutcome_unknown'})",frozenset({'pdays_-1'}),0.7251381215469613,0.8477209944751382,0.7251381215469613,1.0,1.1796334012219958,0.11042331201733768,inf
150,"frozenset({'loan_no', 'pdays_-1', 'poutcome_unknown'})","frozenset({'previous_0', 'default_no'})",0.7361878453038674,0.8321823204419889,0.7251381215469613,0.9849906191369606,1.1836235821662398,0.11249561216080095,11.180852900552503
151,"frozenset({'pdays_-1', 'previous_0', 'poutcome_unknown'})","frozenset({'loan_no', 'default_no'})",0.8477209944751382,0.8570441988950276,0.7251381215469613,0.855397148676171,0.998078220212003,-0.0013962390494796084,0.9886098358104425
152,"frozenset({'pdays_-1', 'default_no', 'poutcome_unknown'})","frozenset({'loan_no', 'previous_0'})",0.8321823204419889,0.7361878453038674,0.7251381215469613,0.8713692946058091,1.1836235821662398,0.11249561216080095,2.050926751024773
153,"frozenset({'loan_no', 'pdays_-1', 'previous_0'})","frozenset({'default_no', 'poutcome_unknown'})",0.7361878453038674,0.8321823204419889,0.7251381215469613,0.9849906191369606,1.1836235821662398,0.11249561216080095,11.180852900552503
154,"frozenset({'loan_no', 'pdays_-1', 'default_no'})","frozenset({'previous_0', 'poutcome_unknown'})",0.7251381215469613,0.8477209944751382,0.7251381215469613,1.0,1.1796334012219958,0.11042331201733768,inf
155,"frozenset({'pdays_-1', 'default_no', 'previous_0'})","frozenset({'loan_no', 'poutcome_unknown'})",0.8321823204419889,0.7361878453038674,0.7251381215469613,0.8713692946058091,1.1836235821662398,0.11249561216080095,2.050926751024773
156,"frozenset({'loan_no', 'previous_0', 'poutcome_unknown'})","frozenset({'pdays_-1', 'default_no'})",0.7361878453038674,0.8321823204419889,0.7251381215469613,0.9849906191369606,1.1836235821662398,0.11249561216080095,11.180852900552503
157,"frozenset({'loan_no', 'default_no', 'poutcome_unknown'})","frozenset({'pdays_-1', 'previous_0'})",0.7251381215469613,0.8477209944751382,0.7251381215469613,1.0,1.1796334012219958,0.11042331201733768,inf
158,"frozenset({'previous_0', 'default_no', 'poutcome_unknown'})","frozenset({'loan_no', 'pdays_-1'})",0.8321823204419889,0.7361878453038674,0.7251381215469613,0.8713692946058091,1.1836235821662398,0.11249561216080095,2.050926751024773
159,"frozenset({'loan_no', 'previous_0', 'default_no'})","frozenset({'pdays_-1', 'poutcome_unknown'})",0.7251381215469613,0.8477209944751382,0.7251381215469613,1.0,1.1796334012219958,0.11042331201733768,inf
160,"frozenset({'pdays_-1', 'poutcome_unknown'})","frozenset({'loan_no', 'previous_0', 'default_no'})",0.8477209944751382,0.7251381215469613,0.7251381215469613,0.855397148676171,1.1796334012219958,0.11042331201733768,1.9008053847949566
161,"frozenset({'loan_no', 'pdays_-1'})","frozenset({'previous_0', 'default_no', 'poutcome_unknown'})",0.7361878453038674,0.8321823204419889,0.7251381215469613,0.9849906191369606,1.1836235821662398,0.11249561216080095,11.180852900552503
162,"frozenset({'pdays_-1', 'previous_0'})","frozenset({'loan_no', 'default_no', 'poutcome_unknown'})",0.8477209944751382,0.7251381215469613,0.7251381215469613,0.855397148676171,1.1796334012219958,0.11042331201733768,1.9008053847949566
163,"frozenset({'pdays_-1', 'default_no'})","frozenset({'loan_no', 'previous_0', 'poutcome_unknown'})",0.8321823204419889,0.7361878453038674,0.7251381215469613,0.8713692946058091,1.1836235821662398,0.11249561216080095,2.050926751024773
164,"frozenset({'loan_no', 'poutcome_unknown'})","frozenset({'pdays_-1', 'default_no', 'previous_0'})",0.7361878453038674,0.8321823204419889,0.7251381215469613,0.9849906191369606,1.1836235821662398,0.11249561216080095,11.180852900552503
165,"frozenset({'previous_0', 'poutcome_unknown'})","frozenset({'loan_no', 'pdays_-1', 'default_no'})",0.8477209944751382,0.7251381215469613,0.7251381215469613,0.855397148676171,1.1796334012219958,0.11042331201733768,1.9008053847949566
166,"frozenset({'default_no', 'poutcome_unknown'})","frozenset({'loan_no', 'pdays_-1', 'previous_0'})",0.8321823204419889,0.7361878453038674,0.7251381215469613,0.8713692946058091,1.1836235821662398,0.11249561216080095,2.050926751024773
167,"frozenset({'loan_no', 'previous_0'})","frozenset({'pdays_-1', 'default_no', 'poutcome_unknown'})",0.7361878453038674,0.8321823204419889,0.7251381215469613,0.9849906191369606,1.1836235821662398,0.11249561216080095,11.180852900552503
168,"frozenset({'loan_no', 'default_no'})","frozenset({'pdays_-1', 'previous_0', 'poutcome_unknown'})",0.8570441988950276,0.8477209944751382,0.7251381215469613,0.8460918614020951,0.998078220212003,-0.0013962390494796084,0.9894148997714849
169,"frozenset({'previous_0', 'default_no'})","frozenset({'loan_no', 'pdays_-1', 'poutcome_unknown'})",0.8321823204419889,0.7361878453038674,0.7251381215469613,0.8713692946058091,1.1836235821662398,0.11249561216080095,2.050926751024773
170,frozenset({'pdays_-1'}),"frozenset({'loan_no', 'previous_0', 'default_no', 'poutcome_unknown'})",0.8477209944751382,0.7251381215469613,0.7251381215469613,0.855397148676171,1.1796334012219958,0.11042331201733768,1.9008053847949566
171,frozenset({'poutcome_unknown'}),"frozenset({'loan_no', 'pdays_-1', 'default_no', 'previous_0'})",0.8477209944751382,0.7251381215469613,0.7251381215469613,0.855397148676171,1.1796334012219958,0.11042331201733768,1.9008053847949566
172,frozenset({'loan_no'}),"frozenset({'pdays_-1', 'default_no', 'previous_0', 'poutcome_unknown'})",0.8687845303867403,0.8321823204419889,0.7251381215469613,0.834658187599364,1.002975149911933,0.002150995085620111,1.0149742350191246
173,frozenset({'previous_0'}),"frozenset({'loan_no', 'pdays_-1', 'default_no', 'poutcome_unknown'})",0.8477209944751382,0.7251381215469613,0.7251381215469613,0.855397148676171,1.1796334012219958,0.11042331201733768,1.9008053847949566
174,frozenset({'contact_cellular'}),frozenset({'loan_no'}),0.7710635359116023,0.8687845303867403,0.6695441988950276,0.8683385579937303,0.9994866708862651,-0.0003438730502732801,0.9966127334911857
175,"frozenset({'contact_cellular', 'loan_no'})",frozenset({'default_no'}),0.6695441988950276,0.9830801104972375,0.662292817679558,0.9891696750902528,1.006194372694546,0.004077232647049955,1.562269797421744
176,"frozenset({'contact_cellular', 'default_no'})",frozenset({'loan_no'}),0.7589779005524862,0.8687845303867403,0.662292817679558,0.872611464968153,1.0044049294704973,0.0029045587741522993,1.0300414364640897
177,frozenset({'contact_cellular'}),"frozenset({'loan_no', 'default_no'})",0.7710635359116023,0.8570441988950276,0.662292817679558,0.8589341692789969,1.0022052192715452,0.0014572872470315357,1.013397790055249
178,"frozenset({'contact_cellular', 'previous_0', 'pdays_-1'})",frozenset({'poutcome_unknown'}),0.625,0.8477209944751382,0.625,1.0,1.1796334012219958,0.09517437845303867,inf
179,"frozenset({'contact_cellular', 'previous_0', 'poutcome_unknown'})",frozenset({'pdays_-1'}),0.625,0.8477209944751382,0.625,1.0,1.1796334012219958,0.09517437845303867,inf
180,"frozenset({'contact_cellular', 'pdays_-1', 'poutcome_unknown'})",frozenset({'previous_0'}),0.625,0.8477209944751382,0.625,1.0,1.1796334012219958,0.09517437845303867,inf
181,"frozenset({'contact_cellular', 'previous_0'})","frozenset({'pdays_-1', 'poutcome_unknown'})",0.625,0.8477209944751382,0.625,1.0,1.1796334012219958,0.09517437845303867,inf
182,"frozenset({'contact_cellular', 'pdays_-1'})","frozenset({'previous_0', 'poutcome_unknown'})",0.625,0.8477209944751382,0.625,1.0,1.1796334012219958,0.09517437845303867,inf
183,"frozenset({'contact_cellular', 'poutcome_unknown'})","frozenset({'previous_0', 'pdays_-1'})",0.625,0.8477209944751382,0.625,1.0,1.1796334012219958,0.09517437845303867,inf
184,frozenset({'contact_cellular'}),"frozenset({'previous_0', 'pdays_-1', 'poutcome_unknown'})",0.7710635359116023,0.8477209944751382,0.625,0.8105687416032243,0.9561739615816447,-0.028646747466499867,0.8038747502057126
185,"frozenset({'contact_cellular', 'previous_0'})",frozenset({'pdays_-1'}),0.625,0.8477209944751382,0.625,1.0,1.1796334012219958,0.09517437845303867,inf
186,"frozenset({'contact_cellular', 'pdays_-1'})",frozenset({'previous_0'}),0.625,0.8477209944751382,0.625,1.0,1.1796334012219958,0.09517437845303867,inf
187,frozenset({'contact_cellular'}),"frozenset({'previous_0', 'pdays_-1'})",0.7710635359116023,0.8477209944751382,0.625,0.8105687416032243,0.9561739615816447,-0.028646747466499867,0.8038747502057126
188,frozenset({'contact_cellular'}),frozenset({'poutcome_unknown'}),0.7710635359116023,0.8477209944751382,0.625,0.8105687416032243,0.9561739615816447,-0.028646747466499867,0.8038747502057126
189,"frozenset({'contact_cellular', 'pdays_-1'})",frozenset({'poutcome_unknown'}),0.625,0.8477209944751382,0.625,1.0,1.1796334012219958,0.09517437845303867,inf
190,"frozenset({'contact_cellular', 'poutcome_unknown'})",frozenset({'pdays_-1'}),0.625,0.8477209944751382,0.625,1.0,1.1796334012219958,0.09517437845303867,inf
191,frozenset({'contact_cellular'}),"frozenset({'pdays_-1', 'poutcome_unknown'})",0.7710635359116023,0.8477209944751382,0.625,0.8105687416032243,0.9561739615816447,-0.028646747466499867,0.8038747502057126
192,frozenset({'contact_cellular'}),frozenset({'previous_0'}),0.7710635359116023,0.8477209944751382,0.625,0.8105687416032243,0.9561739615816447,-0.028646747466499867,0.8038747502057126
193,"frozenset({'contact_cellular', 'previous_0'})",frozenset({'poutcome_unknown'}),0.625,0.8477209944751382,0.625,1.0,1.1796334012219958,0.09517437845303867,inf
194,"frozenset({'contact_cellular', 'poutcome_unknown'})",frozenset({'previous_0'}),0.625,0.8477209944751382,0.625,1.0,1.1796334012219958,0.09517437845303867,inf
195,frozenset({'contact_cellular'}),"frozenset({'previous_0', 'poutcome_unknown'})",0.7710635359116023,0.8477209944751382,0.625,0.8105687416032243,0.9561739615816447,-0.028646747466499867,0.8038747502057126
196,frozenset({'contact_cellular'}),frozenset({'pdays_-1'}),0.7710635359116023,0.8477209944751382,0.625,0.8105687416032243,0.9561739615816447,-0.028646747466499867,0.8038747502057126
197,"frozenset({'contact_cellular', 'previous_0', 'default_no'})",frozenset({'poutcome_unknown'}),0.6142955801104972,0.8477209944751382,0.6142955801104972,1.0,1.1796334012219958,0.09354432003754465,inf
198,"frozenset({'contact_cellular', 'previous_0', 'poutcome_unknown'})",frozenset({'default_no'}),0.625,0.9830801104972375,0.6142955801104972,0.9828729281767956,0.9997892518440464,-0.000129488950276202,0.9879032258064554
199,"frozenset({'contact_cellular', 'default_no', 'poutcome_unknown'})",frozenset({'previous_0'}),0.6142955801104972,0.8477209944751382,0.6142955801104972,1.0,1.1796334012219958,0.09354432003754465,inf
200,"frozenset({'contact_cellular', 'previous_0'})","frozenset({'default_no', 'poutcome_unknown'})",0.625,0.8321823204419889,0.6142955801104972,0.9828729281767956,1.1810788381742738,0.09418162983425415,9.798387096774213
201,"frozenset({'contact_cellular', 'default_no'})","frozenset({'previous_0', 'poutcome_unknown'})",0.7589779005524862,0.8477209944751382,0.6142955801104972,0.8093721565059145,0.9547624298334535,-0.029105920530508866,0.7988287688392517
202,"frozenset({'contact_cellular', 'poutcome_unknown'})","frozenset({'previous_0', 'default_no'})",0.625,0.8321823204419889,0.6142955801104972,0.9828729281767956,1.1810788381742738,0.09418162983425415,9.798387096774213
203,"frozenset({'contact_cellular', 'previous_0'})",frozenset({'default_no'}),0.625,0.9830801104972375,0.6142955801104972,0.9828729281767956,0.9997892518440464,-0.000129488950276202,0.9879032258064554
204,"frozenset({'contact_cellular', 'default_no'})",frozenset({'previous_0'}),0.7589779005524862,0.8477209944751382,0.6142955801104972,0.8093721565059145,0.9547624298334535,-0.029105920530508866,0.7988287688392517
205,"frozenset({'contact_cellular', 'default_no'})",frozenset({'poutcome_unknown'}),0.7589779005524862,0.8477209944751382,0.6142955801104972,0.8093721565059145,0.9547624298334535,-0.029105920530508866,0.7988287688392517
206,"frozenset({'contact_cellular', 'poutcome_unknown'})",frozenset({'default_no'}),0.625,0.9830801104972375,0.6142955801104972,0.9828729281767956,0.9997892518440464,-0.000129488950276202,0.9879032258064554
207,"frozenset({'contact_cellular', 'pdays_-1'})",frozenset({'default_no'}),0.625,0.9830801104972375,0.6142955801104972,0.9828729281767956,0.9997892518440464,-0.000129488950276202,0.9879032258064554
208,"frozenset({'contact_cellular', 'default_no'})",frozenset({'pdays_-1'}),0.7589779005524862,0.8477209944751382,0.6142955801104972,0.8093721565059145,0.9547624298334535,-0.029105920530508866,0.7988287688392517
209,"frozenset({'contact_cellular', 'pdays_-1', 'previous_0', 'poutcome_unknown'})",frozenset({'default_no'}),0.625,0.9830801104972375,0.6142955801104972,0.9828729281767956,0.9997892518440464,-0.000129488950276202,0.9879032258064554
210,"frozenset({'contact_cellular', 'pdays_-1', 'default_no', 'poutcome_unknown'})",frozenset({'previous_0'}),0.6142955801104972,0.8477209944751382,0.6142955801104972,1.0,1.1796334012219958,0.09354432003754465,inf
211,"frozenset({'contact_cellular', 'pdays_-1', 'default_no', 'previous_0'})",frozenset({'poutcome_unknown'}),0.6142955801104972,0.8477209944751382,0.6142955801104972,1.0,1.1796334012219958,0.09354432003754465,inf
212,"frozenset({'contact_cellular', 'previous_0', 'default_no', 'poutcome_unknown'})",frozenset({'pdays_-1'}),0.6142955801104972,0.8477209944751382,0.6142955801104972,1.0,1.1796334012219958,0.09354432003754465,inf
213,"frozenset({'contact_cellular', 'pdays_-1', 'poutcome_unknown'})","frozenset({'previous_0', 'default_no'})",0.625,0.8321823204419889,0.6142955801104972,0.9828729281767956,1.1810788381742738,0.09418162983425415,9.798387096774213
214,"frozenset({'contact_cellular', 'pdays_-1', 'previous_0'})","frozenset({'default_no', 'poutcome_unknown'})",0.625,0.8321823204419889,0.6142955801104972,0.9828729281767956,1.1810788381742738,0.09418162983425415,9.798387096774213
215,"frozenset({'contact_cellular', 'pdays_-1', 'default_no'})","frozenset({'previous_0', 'poutcome_unknown'})",0.6142955801104972,0.8477209944751382,0.6142955801104972,1.0,1.1796334012219958,0.09354432003754465,inf
216,"frozenset({'contact_cellular', 'previous_0', 'poutcome_unknown'})","frozenset({'pdays_-1', 'default_no'})",0.625,0.8321823204419889,0.6142955801104972,0.9828729281767956,1.1810788381742738,0.09418162983425415,9.798387096774213
217,"frozenset({'contact_cellular', 'default_no', 'poutcome_unknown'})","frozenset({'pdays_-1', 'previous_0'})",0.6142955801104972,0.8477209944751382,0.6142955801104972,1.0,1.1796334012219958,0.09354432003754465,inf
218,"frozenset({'contact_cellular', 'previous_0', 'default_no'})","frozenset({'pdays_-1', 'poutcome_unknown'})",0.6142955801104972,0.8477209944751382,0.6142955801104972,1.0,1.1796334012219958,0.09354432003754465,inf
219,"frozenset({'contact_cellular', 'pdays_-1'})","frozenset({'previous_0', 'default_no', 'poutcome_unknown'})",0.625,0.8321823204419889,0.6142955801104972,0.9828729281767956,1.1810788381742738,0.09418162983425415,9.798387096774213
220,"frozenset({'contact_cellular', 'poutcome_unknown'})","frozenset({'pdays_-1', 'default_no', 'previous_0'})",0.625,0.8321823204419889,0.6142955801104972,0.9828729281767956,1.1810788381742738,0.09418162983425415,9.798387096774213
221,"frozenset({'contact_cellular', 'previous_0'})","frozenset({'pdays_-1', 'default_no', 'poutcome_unknown'})",0.625,0.8321823204419889,0.6142955801104972,0.9828729281767956,1.1810788381742738,0.09418162983425415,9.798387096774213
222,"frozenset({'contact_cellular', 'default_no'})","frozenset({'pdays_-1', 'previous_0', 'poutcome_unknown'})",0.7589779005524862,0.8477209944751382,0.6142955801104972,0.8093721565059145,0.9547624298334535,-0.029105920530508866,0.7988287688392517
223,"frozenset({'contact_cellular', 'pdays_-1', 'default_no'})",frozenset({'poutcome_unknown'}),0.6142955801104972,0.8477209944751382,0.6142955801104972,1.0,1.1796334012219958,0.09354432003754465,inf
224,"frozenset({'contact_cellular', 'pdays_-1', 'poutcome_unknown'})",frozenset({'default_no'}),0.625,0.9830801104972375,0.6142955801104972,0.9828729281767956,0.9997892518440464,-0.000129488950276202,0.9879032258064554
225,"frozenset({'contact_cellular', 'default_no', 'poutcome_unknown'})",frozenset({'pdays_-1'}),0.6142955801104972,0.8477209944751382,0.6142955801104972,1.0,1.1796334012219958,0.09354432003754465,inf
226,"frozenset({'contact_cellular', 'pdays_-1'})","frozenset({'default_no', 'poutcome_unknown'})",0.625,0.8321823204419889,0.6142955801104972,0.9828729281767956,1.1810788381742738,0.09418162983425415,9.798387096774213
227,"frozenset({'contact_cellular', 'default_no'})","frozenset({'pdays_-1', 'poutcome_unknown'})",0.7589779005524862,0.8477209944751382,0.6142955801104972,0.8093721565059145,0.9547624298334535,-0.029105920530508866,0.7988287688392517
228,"frozenset({'contact_cellular', 'poutcome_unknown'})","frozenset({'pdays_-1', 'default_no'})",0.625,0.8321823204419889,0.6142955801104972,0.9828729281767956,1.1810788381742738,0.09418162983425415,9.798387096774213
229,"frozenset({'contact_cellular', 'previous_0', 'default_no'})",frozenset({'pdays_-1'}),0.6142955801104972,0.8477209944751382,0.6142955801104972,1.0,1.1796334012219958,0.09354432003754465,inf
230,"frozenset({'contact_cellular', 'previous_0', 'pdays_-1'})",frozenset({'default_no'}),0.625,0.9830801104972375,0.6142955801104972,0.9828729281767956,0.9997892518440464,-0.000129488950276202,0.9879032258064554
231,"frozenset({'contact_cellular', 'pdays_-1', 'default_no'})",frozenset({'previous_0'}),0.6142955801104972,0.8477209944751382,0.6142955801104972,1.0,1.1796334012219958,0.09354432003754465,inf
232,"frozenset({'contact_cellular', 'previous_0'})","frozenset({'pdays_-1', 'default_no'})",0.625,0.8321823204419889,0.6142955801104972,0.9828729281767956,1.1810788381742738,0.09418162983425415,9.798387096774213
233,"frozenset({'contact_cellular', 'default_no'})","frozenset({'previous_0', 'pdays_-1'})",0.7589779005524862,0.8477209944751382,0.6142955801104972,0.8093721565059145,0.9547624298334535,-0.029105920530508866,0.7988287688392517
234,"frozenset({'contact_cellular', 'pdays_-1'})","frozenset({'previous_0', 'default_no'})",0.625,0.8321823204419889,0.6142955801104972,0.9828729281767956,1.1810788381742738,0.09418162983425415,9.798387096774213
235,"frozenset({'contact_cellular', 'loan_no', 'previous_0'})",frozenset({'pdays_-1'}),0.5424723756906077,0.8477209944751382,0.5424723756906077,1.0,1.1796334012219958,0.082607153894875,inf
236,"frozenset({'contact_cellular', 'loan_no', 'pdays_-1'})",frozenset({'previous_0'}),0.5424723756906077,0.8477209944751382,0.5424723756906077,1.0,1.1796334012219958,0.082607153894875,inf
237,"frozenset({'contact_cellular', 'previous_0', 'pdays_-1'})",frozenset({'loan_no'}),0.625,0.8687845303867403,0.5424723756906077,0.8679558011049723,0.9990461049284578,-0.00051795580110503,0.9937238493723844
238,"frozenset({'contact_cellular', 'loan_no'})","frozenset({'previous_0', 'pdays_-1'})",0.6695441988950276,0.8477209944751382,0.5424723756906077,0.8102114492006188,0.9557524875295283,-0.025114298441744842,0.8023613905236604
239,"frozenset({'contact_cellular', 'previous_0'})","frozenset({'loan_no', 'pdays_-1'})",0.625,0.7361878453038674,0.5424723756906077,0.8679558011049723,1.1789868667917447,0.08235497237569056,1.9979079497907937
240,"frozenset({'contact_cellular', 'pdays_-1'})","frozenset({'loan_no', 'previous_0'})",0.625,0.7361878453038674,0.5424723756906077,0.8679558011049723,1.1789868667917447,0.08235497237569056,1.9979079497907937
241,"frozenset({'contact_cellular', 'loan_no', 'pdays_-1', 'poutcome_unknown'})",frozenset({'previous_0'}),0.5424723756906077,0.8477209944751382,0.5424723756906077,1.0,1.1796334012219958,0.082607153894875,inf
242,"frozenset({'contact_cellular', 'pdays_-1', 'previous_0', 'poutcome_unknown'})",frozenset({'loan_no'}),0.625,0.8687845303867403,0.5424723756906077,0.8679558011049723,0.9990461049284578,-0.00051795580110503,0.9937238493723844
243,"frozenset({'contact_cellular', 'loan_no', 'pdays_-1', 'previous_0'})",frozenset({'poutcome_unknown'}),0.5424723756906077,0.8477209944751382,0.5424723756906077,1.0,1.1796334012219958,0.082607153894875,inf
244,"frozenset({'contact_cellular', 'loan_no', 'previous_0', 'poutcome_unknown'})",frozenset({'pdays_-1'}),0.5424723756906077,0.8477209944751382,0.5424723756906077,1.0,1.1796334012219958,0.082607153894875,inf
245,"frozenset({'contact_cellular', 'pdays_-1', 'poutcome_unknown'})","frozenset({'loan_no', 'previous_0'})",0.625,0.7361878453038674,0.5424723756906077,0.8679558011049723,1.1789868667917447,0.08235497237569056,1.9979079497907937
246,"frozenset({'contact_cellular', 'loan_no', 'pdays_-1'})","frozenset({'previous_0', 'poutcome_unknown'})",0.5424723756906077,0.8477209944751382,0.5424723756906077,1.0,1.1796334012219958,0.082607153894875,inf
247,"frozenset({'contact_cellular', 'pdays_-1', 'previous_0'})","frozenset({'loan_no', 'poutcome_unknown'})",0.625,0.7361878453038674,0.5424723756906077,0.8679558011049723,1.1789868667917447,0.08235497237569056,1.9979079497907937
248,"frozenset({'contact_cellular', 'loan_no', 'poutcome_unknown'})","frozenset({'pdays_-1', 'previous_0'})",0.5424723756906077,0.8477209944751382,0.5424723756906077,1.0,1.1796334012219958,0.082607153894875,inf
249,"frozenset({'contact_cellular', 'previous_0', 'poutcome_unknown'})","frozenset({'loan_no', 'pdays_-1'})",0.625,0.7361878453038674,0.5424723756906077,0.8679558011049723,1.1789868667917447,0.08235497237569056,1.9979079497907937
250,"frozenset({'contact_cellular', 'loan_no', 'previous_0'})","frozenset({'pdays_-1', 'poutcome_unknown'})",0.5424723756906077,0.8477209944751382,0.5424723756906077,1.0,1.1796334012219958,0.082607153894875,inf
251,"frozenset({'contact_cellular', 'pdays_-1'})","frozenset({'loan_no', 'previous_0', 'poutcome_unknown'})",0.625,0.7361878453038674,0.5424723756906077,0.8679558011049723,1.1789868667917447,0.08235497237569056,1.9979079497907937
252,"frozenset({'contact_cellular', 'poutcome_unknown'})","frozenset({'loan_no', 'pdays_-1', 'previous_0'})",0.625,0.7361878453038674,0.5424723756906077,0.8679558011049723,1.1789868667917447,0.08235497237569056,1.9979079497907937
253,"frozenset({'contact_cellular', 'loan_no'})","frozenset({'pdays_-1', 'previous_0', 'poutcome_unknown'})",0.6695441988950276,0.8477209944751382,0.5424723756906077,0.8102114492006188,0.9557524875295283,-0.025114298441744842,0.8023613905236604
254,"frozenset({'contact_cellular', 'previous_0'})","frozenset({'loan_no', 'pdays_-1', 'poutcome_unknown'})",0.625,0.7361878453038674,0.5424723756906077,0.8679558011049723,1.1789868667917447,0.08235497237569056,1.9979079497907937
255,"frozenset({'contact_cellular', 'loan_no'})",frozenset({'previous_0'}),0.6695441988950276,0.8477209944751382,0.5424723756906077,0.8102114492006188,0.9557524875295283,-0.025114298441744842,0.8023613905236604
256,"frozenset({'contact_cellular', 'previous_0'})",frozenset({'loan_no'}),0.625,0.8687845303867403,0.5424723756906077,0.8679558011049723,0.9990461049284578,-0.00051795580110503,0.9937238493723844
257,"frozenset({'contact_cellular', 'loan_no'})",frozenset({'poutcome_unknown'}),0.6695441988950276,0.8477209944751382,0.5424723756906077,0.8102114492006188,0.9557524875295283,-0.025114298441744842,0.8023613905236604
258,"frozenset({'contact_cellular', 'poutcome_unknown'})",frozenset({'loan_no'}),0.625,0.8687845303867403,0.5424723756906077,0.8679558011049723,0.9990461049284578,-0.00051795580110503,0.9937238493723844
259,"frozenset({'contact_cellular', 'loan_no', 'pdays_-1'})",frozenset({'poutcome_unknown'}),0.5424723756906077,0.8477209944751382,0.5424723756906077,1.0,1.1796334012219958,0.082607153894875,inf
260,"frozenset({'contact_cellular', 'loan_no', 'poutcome_unknown'})",frozenset({'pdays_-1'}),0.5424723756906077,0.8477209944751382,0.5424723756906077,1.0,1.1796334012219958,0.082607153894875,inf
261,"frozenset({'contact_cellular', 'pdays_-1', 'poutcome_unknown'})",frozenset({'loan_no'}),0.625,0.8687845303867403,0.5424723756906077,0.8679558011049723,0.9990461049284578,-0.00051795580110503,0.9937238493723844
262,"frozenset({'contact_cellular', 'loan_no'})","frozenset({'pdays_-1', 'poutcome_unknown'})",0.6695441988950276,0.8477209944751382,0.5424723756906077,0.8102114492006188,0.9557524875295283,-0.025114298441744842,0.8023613905236604
263,"frozenset({'contact_cellular', 'pdays_-1'})","frozenset({'loan_no', 'poutcome_unknown'})",0.625,0.7361878453038674,0.5424723756906077,0.8679558011049723,1.1789868667917447,0.08235497237569056,1.9979079497907937
264,"frozenset({'contact_cellular', 'poutcome_unknown'})","frozenset({'loan_no', 'pdays_-1'})",0.625,0.7361878453038674,0.5424723756906077,0.8679558011049723,1.1789868667917447,0.08235497237569056,1.9979079497907937
265,"frozenset({'contact_cellular', 'loan_no', 'previous_0'})",frozenset({'poutcome_unknown'}),0.5424723756906077,0.8477209944751382,0.5424723756906077,1.0,1.1796334012219958,0.082607153894875,inf
266,"frozenset({'contact_cellular', 'loan_no', 'poutcome_unknown'})",frozenset({'previous_0'}),0.5424723756906077,0.8477209944751382,0.5424723756906077,1.0,1.1796334012219958,0.082607153894875,inf
267,"frozenset({'contact_cellular', 'previous_0', 'poutcome_unknown'})",frozenset({'loan_no'}),0.625,0.8687845303867403,0.5424723756906077,0.8679558011049723,0.9990461049284578,-0.00051795580110503,0.9937238493723844
268,"frozenset({'contact_cellular', 'loan_no'})","frozenset({'previous_0', 'poutcome_unknown'})",0.6695441988950276,0.8477209944751382,0.5424723756906077,0.8102114492006188,0.9557524875295283,-0.025114298441744842,0.8023613905236604
269,"frozenset({'contact_cellular', 'previous_0'})","frozenset({'loan_no', 'poutcome_unknown'})",0.625,0.7361878453038674,0.5424723756906077,0.8679558011049723,1.1789868667917447,0.08235497237569056,1.9979079497907937
270,"frozenset({'contact_cellular', 'poutcome_unknown'})","frozenset({'loan_no', 'previous_0'})",0.625,0.7361878453038674,0.5424723756906077,0.8679558011049723,1.1789868667917447,0.08235497237569056,1.9979079497907937
271,"frozenset({'contact_cellular', 'loan_no'})",frozenset({'pdays_-1'}),0.6695441988950276,0.8477209944751382,0.5424723756906077,0.8102114492006188,0.9557524875295283,-0.025114298441744842,0.8023613905236604
272,"frozenset({'contact_cellular', 'pdays_-1'})",frozenset({'loan_no'}),0.625,0.8687845303867403,0.5424723756906077,0.8679558011049723,0.9990461049284578,-0.00051795580110503,0.9937238493723844
273,"frozenset({'contact_cellular', 'loan_no', 'pdays_-1', 'poutcome_unknown'})",frozenset({'default_no'}),0.5424723756906077,0.9830801104972375,0.5359116022099447,0.9879057924888606,1.0049087372840675,0.0026177991743231432,1.3990077057284087
274,"frozenset({'contact_cellular', 'pdays_-1', 'default_no', 'poutcome_unknown'})",frozenset({'loan_no'}),0.6142955801104972,0.8687845303867403,0.5359116022099447,0.8724002248454187,1.0041617850366982,0.002221105124996181,1.0283362134008318
275,"frozenset({'contact_cellular', 'loan_no', 'pdays_-1', 'default_no'})",frozenset({'poutcome_unknown'}),0.5359116022099447,0.8477209944751382,0.5359116022099447,1.0,1.1796334012219958,0.08160808583376572,inf
276,"frozenset({'contact_cellular', 'loan_no', 'default_no', 'poutcome_unknown'})",frozenset({'pdays_-1'}),0.5359116022099447,0.8477209944751382,0.5359116022099447,1.0,1.1796334012219958,0.08160808583376572,inf
277,"frozenset({'contact_cellular', 'pdays_-1', 'poutcome_unknown'})","frozenset({'loan_no', 'default_no'})",0.625,0.8570441988950276,0.5359116022099447,0.8574585635359115,1.0004834810636583,0.000258977900552515,1.0029069767441858
278,"frozenset({'contact_cellular', 'loan_no', 'pdays_-1'})","frozenset({'default_no', 'poutcome_unknown'})",0.5424723756906077,0.8321823204419889,0.5359116022099447,0.9879057924888606,1.1871266286505147,0.08447568183205645,13.875872346612354
279,"frozenset({'contact_cellular', 'pdays_-1', 'default_no'})","frozenset({'loan_no', 'poutcome_unknown'})",0.6142955801104972,0.7361878453038674,0.5359116022099447,0.8724002248454187,1.1850239451934017,0.08367466270870849,2.067497018521672
280,"frozenset({'contact_cellular', 'loan_no', 'poutcome_unknown'})","frozenset({'pdays_-1', 'default_no'})",0.5424723756906077,0.8321823204419889,0.5359116022099447,0.9879057924888606,1.1871266286505147,0.08447568183205645,13.875872346612354
281,"frozenset({'contact_cellular', 'default_no', 'poutcome_unknown'})","frozenset({'loan_no', 'pdays_-1'})",0.6142955801104972,0.7361878453038674,0.5359116022099447,0.8724002248454187,1.1850239451934017,0.08367466270870849,2.067497018521672
282,"frozenset({'contact_cellular', 'loan_no', 'default_no'})","frozenset({'pdays_-1', 'poutcome_unknown'})",0.662292817679558,0.8477209944751382,0.5359116022099447,0.8091762252346193,0.9545313027614898,-0.025527923827111554,0.7980085590073357
283,"frozenset({'contact_cellular', 'pdays_-1'})","frozenset({'loan_no', 'default_no', 'poutcome_unknown'})",0.625,0.7251381215469613,0.5359116022099447,0.8574585635359115,1.1824761904761905,0.0827002762430939,1.92829457364341
284,"frozenset({'contact_cellular', 'poutcome_unknown'})","frozenset({'loan_no', 'pdays_-1', 'default_no'})",0.625,0.7251381215469613,0.5359116022099447,0.8574585635359115,1.1824761904761905,0.0827002762430939,1.92829457364341
285,"frozenset({'contact_cellular', 'loan_no'})","frozenset({'pdays_-1', 'default_no', 'poutcome_unknown'})",0.6695441988950276,0.8321823204419889,0.5359116022099447,0.8004125838060856,0.9618235861835784,-0.021271242864991935,0.8408229474495696
286,"frozenset({'contact_cellular', 'loan_no', 'previous_0', 'poutcome_unknown'})",frozenset({'default_no'}),0.5424723756906077,0.9830801104972375,0.5359116022099447,0.9879057924888606,1.0049087372840675,0.0026177991743231432,1.3990077057284087
287,"frozenset({'contact_cellular', 'loan_no', 'default_no', 'poutcome_unknown'})",frozenset({'previous_0'}),0.5359116022099447,0.8477209944751382,0.5359116022099447,1.0,1.1796334012219958,0.08160808583376572,inf
288,"frozenset({'contact_cellular', 'previous_0', 'default_no', 'poutcome_unknown'})",frozenset({'loan_no'}),0.6142955801104972,0.8687845303867403,0.5359116022099447,0.8724002248454187,1.0041617850366982,0.002221105124996181,1.0283362134008318
289,"frozenset({'contact_cellular', 'loan_no', 'previous_0', 'default_no'})",frozenset({'poutcome_unknown'}),0.5359116022099447,0.8477209944751382,0.5359116022099447,1.0,1.1796334012219958,0.08160808583376572,inf
290,"frozenset({'contact_cellular', 'loan_no', 'poutcome_unknown'})","frozenset({'previous_0', 'default_no'})",0.5424723756906077,0.8321823204419889,0.5359116022099447,0.9879057924888606,1.1871266286505147,0.08447568183205645,13.875872346612354
291,"frozenset({'contact_cellular', 'previous_0', 'poutcome_unknown'})","frozenset({'loan_no', 'default_no'})",0.625,0.8570441988950276,0.5359116022099447,0.8574585635359115,1.0004834810636583,0.000258977900552515,1.0029069767441858
292,"frozenset({'contact_cellular', 'default_no', 'poutcome_unknown'})","frozenset({'loan_no', 'previous_0'})",0.6142955801104972,0.7361878453038674,0.5359116022099447,0.8724002248454187,1.1850239451934017,0.08367466270870849,2.067497018521672
293,"frozenset({'contact_cellular', 'loan_no', 'previous_0'})","frozenset({'default_no', 'poutcome_unknown'})",0.5424723756906077,0.8321823204419889,0.5359116022099447,0.9879057924888606,1.1871266286505147,0.08447568183205645,13.875872346612354
294,"frozenset({'contact_cellular', 'loan_no', 'default_no'})","frozenset({'previous_0', 'poutcome_unknown'})",0.662292817679558,0.8477209944751382,0.5359116022099447,0.8091762252346193,0.9545313027614898,-0.025527923827111554,0.7980085590073357
295,"frozenset({'contact_cellular', 'previous_0', 'default_no'})","frozenset({'loan_no', 'poutcome_unknown'})",0.6142955801104972,0.7361878453038674,0.5359116022099447,0.8724002248454187,1.1850239451934017,0.08367466270870849,2.067497018521672
296,"frozenset({'contact_cellular', 'poutcome_unknown'})","frozenset({'loan_no', 'previous_0', 'default_no'})",0.625,0.7251381215469613,0.5359116022099447,0.8574585635359115,1.1824761904761905,0.0827002762430939,1.92829457364341
297,"frozenset({'contact_cellular', 'loan_no'})","frozenset({'previous_0', 'default_no', 'poutcome_unknown'})",0.6695441988950276,0.8321823204419889,0.5359116022099447,0.8004125838060856,0.9618235861835784,-0.021271242864991935,0.8408229474495696
298,"frozenset({'contact_cellular', 'previous_0'})","frozenset({'loan_no', 'default_no', 'poutcome_unknown'})",0.625,0.7251381215469613,0.5359116022099447,0.8574585635359115,1.1824761904761905,0.0827002762430939,1.92829457364341
299,"frozenset({'contact_cellular', 'loan_no', 'pdays_-1', 'previous_0'})",frozenset({'default_no'}),0.5424723756906077,0.9830801104972375,0.5359116022099447,0.9879057924888606,1.0049087372840675,0.0026177991743231432,1.3990077057284087
300,"frozenset({'contact_cellular', 'loan_no', 'pdays_-1', 'default_no'})",frozenset({'previous_0'}),0.5359116022099447,0.8477209944751382,0.5359116022099447,1.0,1.1796334012219958,0.08160808583376572,inf
301,"frozenset({'contact_cellular', 'pdays_-1', 'default_no', 'previous_0'})",frozenset({'loan_no'}),0.6142955801104972,0.8687845303867403,0.5359116022099447,0.8724002248454187,1.0041617850366982,0.002221105124996181,1.0283362134008318
302,"frozenset({'contact_cellular', 'loan_no', 'previous_0', 'default_no'})",frozenset({'pdays_-1'}),0.5359116022099447,0.8477209944751382,0.5359116022099447,1.0,1.1796334012219958,0.08160808583376572,inf
303,"frozenset({'contact_cellular', 'loan_no', 'pdays_-1'})","frozenset({'previous_0', 'default_no'})",0.5424723756906077,0.8321823204419889,0.5359116022099447,0.9879057924888606,1.1871266286505147,0.08447568183205645,13.875872346612354
304,"frozenset({'contact_cellular', 'pdays_-1', 'previous_0'})","frozenset({'loan_no', 'default_no'})",0.625,0.8570441988950276,0.5359116022099447,0.8574585635359115,1.0004834810636583,0.000258977900552515,1.0029069767441858
305,"frozenset({'contact_cellular', 'pdays_-1', 'default_no'})","frozenset({'loan_no', 'previous_0'})",0.6142955801104972,0.7361878453038674,0.5359116022099447,0.8724002248454187,1.1850239451934017,0.08367466270870849,2.067497018521672
306,"frozenset({'contact_cellular', 'loan_no', 'previous_0'})","frozenset({'pdays_-1', 'default_no'})",0.5424723756906077,0.8321823204419889,0.5359116022099447,0.9879057924888606,1.1871266286505147,0.08447568183205645,13.875872346612354
307,"frozenset({'contact_cellular', 'loan_no', 'default_no'})","frozenset({'pdays_-1', 'previous_0'})",0.662292817679558,0.8477209944751382,0.5359116022099447,0.8091762252346193,0.9545313027614898,-0.025527923827111554,0.7980085590073357
308,"frozenset({'contact_cellular', 'previous_0', 'default_no'})","frozenset({'loan_no', 'pdays_-1'})",0.6142955801104972,0.7361878453038674,0.5359116022099447,0.8724002248454187,1.1850239451934017,0.08367466270870849,2.067497018521672
309,"frozenset({'contact_cellular', 'pdays_-1'})","frozenset({'loan_no', 'previous_0', 'default_no'})",0.625,0.7251381215469613,0.5359116022099447,0.8574585635359115,1.1824761904761905,0.0827002762430939,1.92829457364341
310,"frozenset({'contact_cellular', 'loan_no'})","frozenset({'pdays_-1', 'default_no', 'previous_0'})",0.6695441988950276,0.8321823204419889,0.5359116022099447,0.8004125838060856,0.9618235861835784,-0.021271242864991935,0.8408229474495696
311,"frozenset({'contact_cellular', 'previous_0'})","frozenset({'loan_no', 'pdays_-1', 'default_no'})",0.625,0.7251381215469613,0.5359116022099447,0.8574585635359115,1.1824761904761905,0.0827002762430939,1.92829457364341
312,"frozenset({'pdays_-1', 'poutcome_unknown', 'contact_cellular', 'loan_no', 'previous_0'})",frozenset({'default_no'}),0.5424723756906077,0.9830801104972375,0.5359116022099447,0.9879057924888606,1.0049087372840675,0.0026177991743231432,1.3990077057284087
313,"frozenset({'pdays_-1', 'poutcome_unknown', 'contact_cellular', 'loan_no', 'default_no'})",frozenset({'previous_0'}),0.5359116022099447,0.8477209944751382,0.5359116022099447,1.0,1.1796334012219958,0.08160808583376572,inf
314,"frozenset({'pdays_-1', 'poutcome_unknown', 'contact_cellular', 'previous_0', 'default_no'})",frozenset({'loan_no'}),0.6142955801104972,0.8687845303867403,0.5359116022099447,0.8724002248454187,1.0041617850366982,0.002221105124996181,1.0283362134008318
315,"frozenset({'pdays_-1', 'contact_cellular', 'loan_no', 'previous_0', 'default_no'})",frozenset({'poutcome_unknown'}),0.5359116022099447,0.8477209944751382,0.5359116022099447,1.0,1.1796334012219958,0.08160808583376572,inf
316,"frozenset({'poutcome_unknown', 'contact_cellular', 'loan_no', 'previous_0', 'default_no'})",frozenset({'pdays_-1'}),0.5359116022099447,0.8477209944751382,0.5359116022099447,1.0,1.1796334012219958,0.08160808583376572,inf
317,"frozenset({'contact_cellular', 'loan_no', 'pdays_-1', 'poutcome_unknown'})","frozenset({'previous_0', 'default_no'})",0.5424723756906077,0.8321823204419889,0.5359116022099447,0.9879057924888606,1.1871266286505147,0.08447568183205645,13.875872346612354
318,"frozenset({'contact_cellular', 'pdays_-1', 'previous_0', 'poutcome_unknown'})","frozenset({'loan_no', 'default_no'})",0.625,0.8570441988950276,0.5359116022099447,0.8574585635359115,1.0004834810636583,0.000258977900552515,1.0029069767441858
319,"frozenset({'contact_cellular', 'pdays_-1', 'default_no', 'poutcome_unknown'})","frozenset({'loan_no', 'previous_0'})",0.6142955801104972,0.7361878453038674,0.5359116022099447,0.8724002248454187,1.1850239451934017,0.08367466270870849,2.067497018521672
320,"frozenset({'contact_cellular', 'loan_no', 'pdays_-1', 'previous_0'})","frozenset({'default_no', 'poutcome_unknown'})",0.5424723756906077,0.8321823204419889,0.5359116022099447,0.9879057924888606,1.1871266286505147,0.08447568183205645,13.875872346612354
321,"frozenset({'contact_cellular', 'loan_no', 'pdays_-1', 'default_no'})","frozenset({'previous_0', 'poutcome_unknown'})",0.5359116022099447,0.8477209944751382,0.5359116022099447,1.0,1.1796334012219958,0.08160808583376572,inf
322,"frozenset({'contact_cellular', 'pdays_-1', 'default_no', 'previous_0'})","frozenset({'loan_no', 'poutcome_unknown'})",0.6142955801104972,0.7361878453038674,0.5359116022099447,0.8724002248454187,1.1850239451934017,0.08367466270870849,2.067497018521672
323,"frozenset({'contact_cellular', 'loan_no', 'previous_0', 'poutcome_unknown'})","frozenset({'pdays_-1', 'default_no'})",0.5424723756906077,0.8321823204419889,0.5359116022099447,0.9879057924888606,1.1871266286505147,0.08447568183205645,13.875872346612354
324,"frozenset({'contact_cellular', 'loan_no', 'default_no', 'poutcome_unknown'})","frozenset({'pdays_-1', 'previous_0'})",0.5359116022099447,0.8477209944751382,0.5359116022099447,1.0,1.1796334012219958,0.08160808583376572,inf
325,"frozenset({'contact_cellular', 'previous_0', 'default_no', 'poutcome_unknown'})","frozenset({'loan_no', 'pdays_-1'})",0.6142955801104972,0.7361878453038674,0.5359116022099447,0.8724002248454187,1.1850239451934017,0.08367466270870849,2.067497018521672
326,"frozenset({'contact_cellular', 'loan_no', 'previous_0', 'default_no'})","frozenset({'pdays_-1', 'poutcome_unknown'})",0.5359116022099447,0.8477209944751382,0.5359116022099447,1.0,1.1796334012219958,0.08160808583376572,inf
327,"frozenset({'contact_cellular', 'pdays_-1', 'poutcome_unknown'})","frozenset({'loan_no', 'previous_0', 'default_no'})",0.625,0.7251381215469613,0.5359116022099447,0.8574585635359115,1.1824761904761905,0.0827002762430939,1.92829457364341
328,"frozenset({'contact_cellular', 'loan_no', 'pdays_-1'})","frozenset({'previous_0', 'default_no', 'poutcome_unknown'})",0.5424723756906077,0.8321823204419889,0.5359116022099447,0.9879057924888606,1.1871266286505147,0.08447568183205645,13.875872346612354
329,"frozenset({'contact_cellular', 'pdays_-1', 'previous_0'})","frozenset({'loan_no', 'default_no', 'poutcome_unknown'})",0.625,0.7251381215469613,0.5359116022099447,0.8574585635359115,1.1824761904761905,0.0827002762430939,1.92829457364341
330,"frozenset({'contact_cellular', 'pdays_-1', 'default_no'})","frozenset({'loan_no', 'previous_0', 'poutcome_unknown'})",0.6142955801104972,0.7361878453038674,0.5359116022099447,0.8724002248454187,1.1850239451934017,0.08367466270870849,2.067497018521672
331,"frozenset({'contact_cellular', 'loan_no', 'poutcome_unknown'})","frozenset({'pdays_-1', 'default_no', 'previous_0'})",0.5424723756906077,0.8321823204419889,0.5359116022099447,0.9879057924888606,1.1871266286505147,0.08447568183205645,13.875872346612354
332,"frozenset({'contact_cellular', 'previous_0', 'poutcome_unknown'})","frozenset({'loan_no', 'pdays_-1', 'default_no'})",0.625,0.7251381215469613,0.5359116022099447,0.8574585635359115,1.1824761904761905,0.0827002762430939,1.92829457364341
333,"frozenset({'contact_cellular', 'default_no', 'poutcome_unknown'})","frozenset({'loan_no', 'pdays_-1', 'previous_0'})",0.6142955801104972,0.7361878453038674,0.5359116022099447,0.8724002248454187,1.1850239451934017,0.08367466270870849,2.067497018521672
334,"frozenset({'contact_cellular', 'loan_no', 'previous_0'})","frozenset({'pdays_-1', 'default_no', 'poutcome_unknown'})",0.5424723756906077,0.8321823204419889,0.5359116022099447,0.9879057924888606,1.1871266286505147,0.08447568183205645,13.875872346612354
335,"frozenset({'contact_cellular', 'loan_no', 'default_no'})","frozenset({'pdays_-1', 'previous_0', 'poutcome_unknown'})",0.662292817679558,0.8477209944751382,0.5359116022099447,0.8091762252346193,0.9545313027614898,-0.025527923827111554,0.7980085590073357
336,"frozenset({'contact_cellular', 'previous_0', 'default_no'})","frozenset({'loan_no', 'pdays_-1', 'poutcome_unknown'})",0.6142955801104972,0.7361878453038674,0.5359116022099447,0.8724002248454187,1.1850239451934017,0.08367466270870849,2.067497018521672
337,"frozenset({'contact_cellular', 'pdays_-1'})","frozenset({'loan_no', 'previous_0', 'default_no', 'poutcome_unknown'})",0.625,0.7251381215469613,0.5359116022099447,0.8574585635359115,1.1824761904761905,0.0827002762430939,1.92829457364341
338,"frozenset({'contact_cellular', 'poutcome_unknown'})","frozenset({'loan_no', 'pdays_-1', 'default_no', 'previous_0'})",0.625,0.7251381215469613,0.5359116022099447,0.8574585635359115,1.1824761904761905,0.0827002762430939,1.92829457364341
339,"frozenset({'contact_cellular', 'loan_no'})","frozenset({'pdays_-1', 'default_no', 'previous_0', 'poutcome_unknown'})",0.6695441988950276,0.8321823204419889,0.5359116022099447,0.8004125838060856,0.9618235861835784,-0.021271242864991935,0.8408229474495696
340,"frozenset({'contact_cellular', 'previous_0'})","frozenset({'loan_no', 'pdays_-1', 'default_no', 'poutcome_unknown'})",0.625,0.7251381215469613,0.5359116022099447,0.8574585635359115,1.1824761904761905,0.0827002762430939,1.92829457364341
341,"frozenset({'contact_cellular', 'loan_no', 'pdays_-1'})",frozenset({'default_no'}),0.5424723756906077,0.9830801104972375,0.5359116022099447,0.9879057924888606,1.0049087372840675,0.0026177991743231432,1.3990077057284087
342,"frozenset({'contact_cellular', 'loan_no', 'default_no'})",frozenset({'pdays_-1'}),0.662292817679558,0.8477209944751382,0.5359116022099447,0.8091762252346193,0.9545313027614898,-0.025527923827111554,0.7980085590073357
343,"frozenset({'contact_cellular', 'pdays_-1', 'default_no'})",frozenset({'loan_no'}),0.6142955801104972,0.8687845303867403,0.5359116022099447,0.8724002248454187,1.0041617850366982,0.002221105124996181,1.0283362134008318
344,"frozenset({'contact_cellular', 'loan_no'})","frozenset({'pdays_-1', 'default_no'})",0.6695441988950276,0.8321823204419889,0.5359116022099447,0.8004125838060856,0.9618235861835784,-0.021271242864991935,0.8408229474495696
345,"frozenset({'contact_cellular', 'pdays_-1'})","frozenset({'loan_no', 'default_no'})",0.625,0.8570441988950276,0.5359116022099447,0.8574585635359115,1.0004834810636583,0.000258977900552515,1.0029069767441858
346,"frozenset({'contact_cellular', 'loan_no', 'default_no'})",frozenset({'poutcome_unknown'}),0.662292817679558,0.8477209944751382,0.5359116022099447,0.8091762252346193,0.9545313027614898,-0.025527923827111554,0.7980085590073357
347,"frozenset({'contact_cellular', 'loan_no', 'poutcome_unknown'})",frozenset({'default_no'}),0.5424723756906077,0.9830801104972375,0.5359116022099447,0.9879057924888606,1.0049087372840675,0.0026177991743231432,1.3990077057284087
348,"frozenset({'contact_cellular', 'default_no', 'poutcome_unknown'})",frozenset({'loan_no'}),0.6142955801104972,0.8687845303867403,0.5359116022099447,0.8724002248454187,1.0041617850366982,0.002221105124996181,1.0283362134008318
349,"frozenset({'contact_cellular', 'loan_no'})","frozenset({'default_no', 'poutcome_unknown'})",0.6695441988950276,0.8321823204419889,0.5359116022099447,0.8004125838060856,0.9618235861835784,-0.021271242864991935,0.8408229474495696
350,"frozenset({'contact_cellular', 'poutcome_unknown'})","frozenset({'loan_no', 'default_no'})",0.625,0.8570441988950276,0.5359116022099447,0.8574585635359115,1.0004834810636583,0.000258977900552515,1.0029069767441858
351,"frozenset({'contact_cellular', 'loan_no', 'previous_0'})",frozenset({'default_no'}),0.5424723756906077,0.9830801104972375,0.5359116022099447,0.9879057924888606,1.0049087372840675,0.0026177991743231432,1.3990077057284087
352,"frozenset({'contact_cellular', 'loan_no', 'default_no'})",frozenset({'previous_0'}),0.662292817679558,0.8477209944751382,0.5359116022099447,0.8091762252346193,0.9545313027614898,-0.025527923827111554,0.7980085590073357
353,"frozenset({'contact_cellular', 'previous_0', 'default_no'})",frozenset({'loan_no'}),0.6142955801104972,0.8687845303867403,0.5359116022099447,0.8724002248454187,1.0041617850366982,0.002221105124996181,1.0283362134008318
354,"frozenset({'contact_cellular', 'loan_no'})","frozenset({'previous_0', 'default_no'})",0.6695441988950276,0.8321823204419889,0.5359116022099447,0.8004125838060856,0.9618235861835784,-0.021271242864991935,0.8408229474495696
355,"frozenset({'contact_cellular', 'previous_0'})","frozenset({'loan_no', 'default_no'})",0.625,0.8570441988950276,0.5359116022099447,0.8574585635359115,1.0004834810636583,0.000258977900552515,1.0029069767441858
356,frozenset({'marital_married'}),frozenset({'default_no'}),0.5103591160220995,0.9830801104972375,0.5034530386740331,0.9864682002706359,1.003446402523274,0.0017291425017550432,1.2503798342541341
